genome	gtdbtk_classification
cleaned_SRR30598618_clean_bin.10.orig_filtered_kept_contigs.fa	d__Bacteria;p__Cyanobacteriota;c__Vampirovibrionia;o__Gastranaerophilales;f__Gastranaerophilaceae;g__Limenecus;s__Limenecus avicola
cleaned_SRR30598618_clean_bin.11.strict_filtered_kept_contigs.fa	d__Bacteria;p__Bacillota;c__Clostridia;o__Christensenellales;f__Aristaeellaceae;g__Firm-10;s__Firm-10 sp934631025
cleaned_SRR30598618_clean_bin.29.orig_filtered_kept_contigs.fa	d__Bacteria;p__Bacillota;c__Clostridia;o__Oscillospirales;f__CAG-272;g__UMGS911;s__UMGS911 sp900545935
cleaned_SRR30598618_clean_bin.32.orig_filtered_kept_contigs.fa	d__Bacteria;p__Bacillota;c__Clostridia;o__Christensenellales;f__Aristaeellaceae;g__Ventricola;s__Ventricola sp900542395
cleaned_SRR30598618_clean_bin.33.orig_filtered_kept_contigs.fa	d__Bacteria;p__Bacillota;c__Clostridia;o__Peptostreptococcales;f__Anaerovoracaceae;g__UMGS973;s__UMGS973 sp900547295
cleaned_SRR30598618_clean_bin.37.orig_filtered_kept_contigs.fa	d__Bacteria;p__Bacillota;c__Clostridia;o__Peptostreptococcales;f__Anaerovoracaceae;g__Lentihominibacter;s__Lentihominibacter sp905193765
cleaned_SRR30598618_clean_bin.3.orig_filtered_kept_contigs.fa	d__Bacteria;p__Bacillota;c__Clostridia;o__Oscillospirales;f__Ruminococcaceae;g__Ruminococcus;s__Ruminococcus sp002438605
cleaned_SRR30598618_clean_bin.53.orig_filtered_kept_contigs.fa	d__Bacteria;p__Bacillota;c__Clostridia;o__Christensenellales;f__Aristaeellaceae;g__Faecivicinus;s__Faecivicinus sp900759005
cleaned_SRR30598618_clean_bin.54.orig_filtered_kept_contigs.fa	d__Bacteria;p__Bacteroidota;c__Bacteroidia;o__Flavobacteriales;f__UBA1820;g__Merdimorpha;s__Merdimorpha sp003150615
cleaned_SRR30598618_clean_bin.59.orig_filtered_kept_contigs.fa	d__Bacteria;p__Bacillota;c__Clostridia;o__Oscillospirales;f__Oscillospiraceae;g__Vescimonas;s__Vescimonas sp000435975
cleaned_SRR30598618_clean_bin.5.orig_filtered_kept_contigs.fa	d__Bacteria;p__Bacillota;c__Clostridia;o__Clostridiales;f__Clostridiaceae;g__Sarcina;s__Sarcina ventriculi
cleaned_SRR30598618_clean_bin.77.orig_filtered_kept_contigs.fa	d__Bacteria;p__Actinomycetota;c__Coriobacteriia;o__Coriobacteriales;f__Eggerthellaceae;g__Anaerotardibacter;s__Anaerotardibacter sp000435475
cleaned_SRR30598618_clean_bin.79.orig_filtered_kept_contigs.fa	d__Bacteria;p__Bacillota;c__Clostridia;o__Peptostreptococcales;f__Anaerovoracaceae;g__Lentihominibacter;s__Lentihominibacter faecis
cleaned_SRR30598618_clean_bin.81.orig_filtered_kept_contigs.fa	d__Bacteria;p__Bacillota;c__Clostridia;o__Oscillospirales;f__Oscillospiraceae;g__HGM13006;s__HGM13006 sp905202605
cleaned_SRR30598618_clean_bin.88.strict_filtered_kept_contigs.fa	d__Bacteria;p__Bacteroidota;c__Bacteroidia;o__Bacteroidales;f__Rikenellaceae;g__Alistipes;s__Alistipes communis
cleaned_SRR30598619_bin.21.orig_filtered_kept_contigs.fa	d__Bacteria;p__Bacillota;c__Clostridia;o__Oscillospirales;f__Oscillospiraceae;g__CAG-103;s__CAG-103 sp900757655
cleaned_SRR30598619_bin.32.orig_filtered_kept_contigs.fa	d__Bacteria;p__Bacillota;c__Clostridia;o__Oscillospirales;f__Butyricicoccaceae;g__Agathobaculum;s__Agathobaculum hominis
cleaned_SRR30598619_bin.38.orig_filtered_kept_contigs.fa	d__Bacteria;p__Bacteroidota;c__Bacteroidia;o__Bacteroidales;f__Bacteroidaceae;g__Prevotella;s__Prevotella hominis
cleaned_SRR30598619_bin.39.orig_filtered_kept_contigs.fa	d__Bacteria;p__Actinomycetota;c__Coriobacteriia;o__Coriobacteriales;f__Coriobacteriaceae;g__Collinsella;s__
cleaned_SRR30598620_clean_bin.104.strict_filtered_kept_contigs.fa	d__Bacteria;p__Chlamydiota;c__Chlamydiia;o__Chlamydiales;f__Chlamydiaceae;g__Chlamydia;s__
cleaned_SRR30598620_clean_bin.11.orig_filtered_kept_contigs.fa	d__Bacteria;p__Bacillota;c__Clostridia;o__Oscillospirales;f__Ruminococcaceae;g__CAG-115;s__CAG-115 sp900768125
cleaned_SRR30598620_clean_bin.12.strict_filtered_kept_contigs.fa	d__Bacteria;p__Pseudomonadota;c__Gammaproteobacteria;o__Enterobacterales;f__Succinivibrionaceae;g__WG-1;s__WG-1 sp900539665
cleaned_SRR30598620_clean_bin.13.strict_filtered_kept_contigs.fa	d__Bacteria;p__Bacillota;c__Clostridia;o__Oscillospirales;f__CAG-272;g__CAG-841;s__CAG-841 sp900544285
cleaned_SRR30598620_clean_bin.14.strict_filtered_kept_contigs.fa	d__Bacteria;p__Bacillota;c__Clostridia;o__Christensenellales;f__CAG-138;g__PeH17;s__PeH17 sp000435055
cleaned_SRR30598620_clean_bin.16.orig_filtered_kept_contigs.fa	d__Bacteria;p__Verrucomicrobiota;c__Verrucomicrobiia;o__Opitutales;f__Intestinicryptomonadaceae;g__Merdousia;s__Merdousia sp021641325
cleaned_SRR30598620_clean_bin.24.orig_filtered_kept_contigs.fa	d__Bacteria;p__Bacillota;c__Clostridia;o__Oscillospirales;f__Ruminococcaceae;g__UMGS363;s__UMGS363 sp900768245
cleaned_SRR30598620_clean_bin.25.strict_filtered_kept_contigs.fa	d__Bacteria;p__Bacillota;c__Clostridia;o__Christensenellales;f__CAG-138;g__RUG472;s__RUG472 sp900545265
cleaned_SRR30598620_clean_bin.27.orig_filtered_kept_contigs.fa	d__Bacteria;p__Bacillota;c__Clostridia;o__Oscillospirales;f__Acutalibacteraceae;g__UBA1081;s__UBA1081 sp022763825
cleaned_SRR30598620_clean_bin.31.strict_filtered_kept_contigs.fa	d__Bacteria;p__Bacillota;c__Clostridia;o__Christensenellales;f__Borkfalkiaceae;g__UBA4636;s__UBA4636 sp934273135
cleaned_SRR30598620_clean_bin.32.orig_filtered_kept_contigs.fa	d__Bacteria;p__Bacillota;c__Negativicutes;o__Veillonellales;f__Dialisteraceae;g__Dialister;s__Dialister sp934178345
cleaned_SRR30598620_clean_bin.38.orig_filtered_kept_contigs.fa	d__Bacteria;p__Bacteroidota;c__Bacteroidia;o__Bacteroidales;f__UBA932;g__Cryptobacteroides;s__Cryptobacteroides sp934725575
cleaned_SRR30598620_clean_bin.39.orig_filtered_kept_contigs.fa	d__Bacteria;p__Bacillota;c__Clostridia;o__Lachnospirales;f__Lachnospiraceae;g__UBA2821;s__UBA2821 sp002351535
cleaned_SRR30598620_clean_bin.3.orig_filtered_kept_contigs.fa	d__Bacteria;p__Bacillota;c__Negativicutes;o__Acidaminococcales;f__Acidaminococcaceae;g__Phascolarctobacterium_A;s__Phascolarctobacterium_A sp934190775
cleaned_SRR30598620_clean_bin.48.orig_filtered_kept_contigs.fa	d__Bacteria;p__Bacteroidota;c__Bacteroidia;o__Bacteroidales;f__Muribaculaceae;g__Sodaliphilus;s__Sodaliphilus sp004557565
cleaned_SRR30598620_clean_bin.4.orig_filtered_kept_contigs.fa	d__Bacteria;p__Bacillota;c__Clostridia;o__Oscillospirales;f__Butyricicoccaceae;g__Butyricicoccus_A;s__Butyricicoccus_A intestinisimiae
cleaned_SRR30598620_clean_bin.59.orig_filtered_kept_contigs.fa	d__Bacteria;p__Bacillota;c__Clostridia;o__Oscillospirales;f__Oscillospiraceae;g__Limivicinus;s__Limivicinus sp934572335
cleaned_SRR30598620_clean_bin.69.orig_filtered_kept_contigs.fa	d__Bacteria;p__Bacteroidota;c__Bacteroidia;o__Bacteroidales;f__Bacteroidaceae;g__Prevotella;s__Prevotella sp900552675
cleaned_SRR30598620_clean_bin.72.orig_filtered_kept_contigs.fa	d__Bacteria;p__Bacillota;c__Clostridia;o__Christensenellales;f__CAG-138;g__SFEL01;s__SFEL01 sp004557245
cleaned_SRR30598620_clean_bin.73.orig_filtered_kept_contigs.fa	d__Bacteria;p__Bacteroidota;c__Bacteroidia;o__Bacteroidales;f__Bacteroidaceae;g__Bacteroides;s__Bacteroides caccae
cleaned_SRR30598620_clean_bin.80.orig_filtered_kept_contigs.fa	d__Bacteria;p__Bacillota;c__Clostridia;o__Lachnospirales;f__Lachnospiraceae;g__Butyrivibrio_A;s__Butyrivibrio_A crossota
cleaned_SRR30598620_clean_bin.82.orig_filtered_kept_contigs.fa	d__Bacteria;p__Bacillota;c__Clostridia;o__Peptostreptococcales;f__Anaerovoracaceae;g__CAG-238;s__CAG-238 sp000435615
cleaned_SRR30598620_clean_bin.84.orig_filtered_kept_contigs.fa	d__Bacteria;p__Bacillota;c__Clostridia;o__Oscillospirales;f__Ruminococcaceae;g__SFIE01;s__SFIE01 sp004555405
cleaned_SRR30598620_clean_bin.8.permissive_filtered_kept_contigs.fa	d__Bacteria;p__Bacillota;c__Clostridia;o__Oscillospirales;f__CAG-272;g__RGIG3994;s__RGIG3994 sp934378145
cleaned_SRR30598621_bin.20.strict_filtered_kept_contigs.fa	d__Bacteria;p__Bacillota;c__Negativicutes;o__Veillonellales;f__Megasphaeraceae;g__Anaeroglobus;s__Anaeroglobus micronuciformis
cleaned_SRR30598621_bin.36.permissive_filtered_kept_contigs.fa	d__Bacteria;p__Pseudomonadota;c__Gammaproteobacteria;o__Burkholderiales;f__Burkholderiaceae;g__Sutterella;s__Sutterella seckii_A
cleaned_SRR30598621_bin.42.permissive_filtered_kept_contigs.fa	d__Bacteria;p__Actinomycetota;c__Coriobacteriia;o__Coriobacteriales;f__Coriobacteriaceae;g__Collinsella;s__
cleaned_SRR30598621_bin.44.orig_filtered_kept_contigs.fa	d__Bacteria;p__Bacillota;c__Clostridia;o__Oscillospirales;f__Oscillospiraceae;g__Vescimonas;s__Vescimonas sp900552475
cleaned_SRR30598622_bin.12.orig_filtered_kept_contigs.fa	d__Bacteria;p__Bacteroidota;c__Bacteroidia;o__Bacteroidales;f__Bacteroidaceae;g__Bacteroides;s__Bacteroides ovatus
cleaned_SRR30598622_bin.20.orig_filtered_kept_contigs.fa	d__Bacteria;p__Bacillota;c__Clostridia;o__Lachnospirales;f__Lachnospiraceae;g__Enterocloster;s__Enterocloster sp900541315
cleaned_SRR30598622_bin.25.orig_filtered_kept_contigs.fa	d__Bacteria;p__Bacillota;c__Clostridia;o__Lachnospirales;f__Lachnospiraceae;g__Ruminococcus_B;s__Ruminococcus_B gnavus
cleaned_SRR30598622_bin.26.orig_filtered_kept_contigs.fa	d__Bacteria;p__Bacillota;c__Bacilli;o__Erysipelotrichales;f__Coprobacillaceae;g__Faecalibacillus;s__Faecalibacillus faecis
cleaned_SRR30598622_bin.28.orig_filtered_kept_contigs.fa	d__Bacteria;p__Bacillota;c__Clostridia;o__Lachnospirales;f__Lachnospiraceae;g__Pilosibacter;s__Pilosibacter sp902496665
cleaned_SRR30598623_bin.10.strict_filtered_kept_contigs.fa	d__Bacteria;p__Bacillota;c__Bacilli;o__Erysipelotrichales;f__Erysipelotrichaceae;g__Clostridium_AQ;s__Clostridium_AQ innocuum
cleaned_SRR30598623_bin.3.strict_filtered_kept_contigs.fa	d__Bacteria;p__Bacillota;c__Bacilli;o__Lactobacillales;f__Streptococcaceae;g__Streptococcus;s__Streptococcus sp959025735
cleaned_SRR30598623_bin.6.orig_filtered_kept_contigs.fa	d__Bacteria;p__Bacillota;c__Negativicutes;o__Veillonellales;f__Veillonellaceae;g__Veillonella;s__Veillonella parvula_I
cleaned_SRR30598624_bin.10.strict_filtered_kept_contigs.fa	d__Bacteria;p__Actinomycetota;c__Coriobacteriia;o__Coriobacteriales;f__Coriobacteriaceae;g__Collinsella;s__
cleaned_SRR30598624_bin.14.strict_filtered_kept_contigs.fa	d__Bacteria;p__Bacillota;c__Clostridia;o__Lachnospirales;f__Lachnospiraceae;g__Mediterraneibacter;s__Mediterraneibacter faecis
cleaned_SRR30598624_bin.1.permissive_filtered_kept_contigs.fa	d__Bacteria;p__Pseudomonadota;c__Gammaproteobacteria;o__Burkholderiales;f__Burkholderiaceae;g__Parasutterella;s__Parasutterella excrementihominis
cleaned_SRR30598624_bin.22.strict_filtered_kept_contigs.fa	d__Bacteria;p__Bacillota;c__Bacilli;o__Lactobacillales;f__Lactobacillaceae;g__Weissella;s__Weissella confusa
cleaned_SRR30598624_bin.24.orig_filtered_kept_contigs.fa	d__Bacteria;p__Bacillota;c__Clostridia;o__Lachnospirales;f__Lachnospiraceae;g__Anaerostipes;s__Anaerostipes hadrus
cleaned_SRR30598624_bin.27.orig_filtered_kept_contigs.fa	d__Bacteria;p__Bacillota;c__Bacilli;o__Lactobacillales;f__Enterococcaceae;g__Enterococcus;s__Enterococcus faecalis
cleaned_SRR30598624_bin.29.orig_filtered_kept_contigs.fa	d__Bacteria;p__Bacteroidota;c__Bacteroidia;o__Bacteroidales;f__Bacteroidaceae;g__Phocaeicola;s__Phocaeicola vulgatus
cleaned_SRR30598624_bin.7.orig_filtered_kept_contigs.fa	d__Bacteria;p__Bacillota;c__Clostridia;o__Tissierellales;f__Tissierellaceae;g__JAVKTS01;s__
cleaned_SRR30598624_bin.9.orig_filtered_kept_contigs.fa	d__Bacteria;p__Bacillota;c__Clostridia;o__Oscillospirales;f__Ruminococcaceae;g__Faecalibacterium;s__Faecalibacterium prausnitzii_E
cleaned_SRR30598625_bin.18.orig_filtered_kept_contigs.fa	d__Bacteria;p__Actinomycetota;c__Actinomycetes;o__Actinomycetales;f__Bifidobacteriaceae;g__Bifidobacterium;s__Bifidobacterium breve
cleaned_SRR30598625_bin.5.permissive_filtered_kept_contigs.fa	d__Bacteria;p__Actinomycetota;c__Coriobacteriia;o__Coriobacteriales;f__Coriobacteriaceae;g__Collinsella;s__Collinsella aerofaciens_H
cleaned_SRR30598625_bin.9.orig_filtered_kept_contigs.fa	d__Bacteria;p__Bacillota;c__Bacilli;o__Lactobacillales;f__Lactobacillaceae;g__Ligilactobacillus;s__Ligilactobacillus salivarius
cleaned_SRR30598626_bin.10.orig_filtered_kept_contigs.fa	d__Bacteria;p__Bacillota;c__Clostridia;o__Oscillospirales;f__Oscillospiraceae;g__Faecousia;s__Faecousia intestinalis
cleaned_SRR30598626_bin.18.orig_filtered_kept_contigs.fa	d__Bacteria;p__Bacillota;c__Clostridia;o__Lachnospirales;f__Lachnospiraceae;g__Enterocloster;s__Enterocloster sp000431375
cleaned_SRR30598626_bin.20.strict_filtered_kept_contigs.fa	d__Bacteria;p__Bacillota;c__Bacilli;o__Erysipelotrichales;f__Erysipelotrichaceae;g__Holdemanella;s__Holdemanella sp900556915
cleaned_SRR30598626_bin.22.orig_filtered_kept_contigs.fa	d__Bacteria;p__Bacillota;c__Clostridia;o__Oscillospirales;f__Butyricicoccaceae;g__Pseudobutyricicoccus;s__Pseudobutyricicoccus sp003477405
cleaned_SRR30598626_bin.27.strict_filtered_kept_contigs.fa	d__Bacteria;p__Bacillota;c__Clostridia;o__Lachnospirales;f__Lachnospiraceae;g__Lachnospira;s__Lachnospira sp000436475
cleaned_SRR30598626_bin.29.orig_filtered_kept_contigs.fa	d__Bacteria;p__Bacteroidota;c__Bacteroidia;o__Bacteroidales;f__Porphyromonadaceae;g__Porphyromonas_A;s__Porphyromonas_A somerae
cleaned_SRR30598626_bin.31.strict_filtered_kept_contigs.fa	d__Bacteria;p__Bacillota;c__Clostridia;o__Oscillospirales;f__Oscillospiraceae;g__Evtepia;s__Evtepia sp004556345
cleaned_SRR30598626_bin.32.strict_filtered_kept_contigs.fa	d__Bacteria;p__Actinomycetota;c__Coriobacteriia;o__Coriobacteriales;f__Coriobacteriaceae;g__Collinsella;s__
cleaned_SRR30598626_bin.34.orig_filtered_kept_contigs.fa	d__Bacteria;p__Bacillota;c__Negativicutes;o__Acidaminococcales;f__Acidaminococcaceae;g__Phascolarctobacterium_A;s__Phascolarctobacterium_A succinatutens_B
cleaned_SRR30598626_bin.36.strict_filtered_kept_contigs.fa	d__Bacteria;p__Actinomycetota;c__Actinomycetes;o__Actinomycetales;f__Actinomycetaceae;g__Pauljensenia;s__Pauljensenia turicensis_B
cleaned_SRR30598626_bin.37.orig_filtered_kept_contigs.fa	d__Bacteria;p__Bacillota;c__Clostridia;o__Lachnospirales;f__Lachnospiraceae;g__Roseburia;s__Roseburia rectibacter
cleaned_SRR30598626_bin.38.strict_filtered_kept_contigs.fa	d__Bacteria;p__Bacillota;c__Clostridia;o__Lachnospirales;f__Lachnospiraceae;g__Otoolea;s__Otoolea fessa
cleaned_SRR30598626_bin.41.strict_filtered_kept_contigs.fa	d__Bacteria;p__Bacteroidota;c__Bacteroidia;o__Bacteroidales;f__Muribaculaceae;g__Sodaliphilus;s__Sodaliphilus sp947254205
cleaned_SRR30598626_bin.43.orig_filtered_kept_contigs.fa	d__Bacteria;p__Bacillota;c__Clostridia;o__Lachnospirales;f__Lachnospiraceae;g__Acetatifactor;s__Acetatifactor hominis
cleaned_SRR30598626_bin.55.orig_filtered_kept_contigs.fa	d__Bacteria;p__Desulfobacterota_I;c__Desulfovibrionia;o__Desulfovibrionales;f__Desulfovibrionaceae;g__Bilophila;s__Bilophila sp902373525
cleaned_SRR30598626_bin.60.strict_filtered_kept_contigs.fa	d__Bacteria;p__Bacillota;c__Clostridia;o__Peptostreptococcales;f__Peptostreptococcaceae;g__Peptostreptococcus;s__Peptostreptococcus stomatis
cleaned_SRR30598626_bin.61.strict_filtered_kept_contigs.fa	d__Bacteria;p__Bacillota;c__Clostridia;o__Lachnospirales;f__Lachnospiraceae;g__Enterocloster;s__Enterocloster porci
cleaned_SRR30598626_bin.62.strict_filtered_kept_contigs.fa	d__Bacteria;p__Bacillota;c__Clostridia;o__Lachnospirales;f__Lachnospiraceae;g__Moryella;s__Moryella indoligenes
cleaned_SRR30598626_bin.77.orig_filtered_kept_contigs.fa	d__Bacteria;p__Bacillota;c__Clostridia;o__Lachnospirales;f__Lachnospiraceae;g__Faecalimonas;s__Faecalimonas phoceensis
cleaned_SRR30598626_bin.9.orig_filtered_kept_contigs.fa	d__Bacteria;p__Bacillota;c__Bacilli;o__Erysipelotrichales;f__Coprobacillaceae;g__Catenibacterium;s__Catenibacterium mitsuokai
cleaned_SRR30598628_bin.12.orig_filtered_kept_contigs.fa	d__Bacteria;p__Bacteroidota;c__Bacteroidia;o__Bacteroidales;f__Bacteroidaceae;g__Prevotella;s__Prevotella sp003447235
cleaned_SRR30598628_bin.17.orig_filtered_kept_contigs.fa	d__Bacteria;p__Bacteroidota;c__Bacteroidia;o__Bacteroidales;f__Bacteroidaceae;g__Alloprevotella;s__Alloprevotella sp900541575
cleaned_SRR30598628_bin.1.orig_filtered_kept_contigs.fa	d__Bacteria;p__Bacillota;c__Negativicutes;o__Selenomonadales;f__Selenomonadaceae;g__Megamonas;s__Megamonas funiformis
cleaned_SRR30598628_bin.21.orig_filtered_kept_contigs.fa	d__Bacteria;p__Bacillota;c__Bacilli;o__Lactobacillales;f__Lactobacillaceae;g__Limosilactobacillus;s__Limosilactobacillus reuteri
cleaned_SRR30598628_bin.26.orig_filtered_kept_contigs.fa	d__Bacteria;p__Bacillota;c__Bacilli;o__Lactobacillales;f__Lactobacillaceae;g__Lactobacillus;s__Lactobacillus delbrueckii
cleaned_SRR30598628_bin.2.orig_filtered_kept_contigs.fa	d__Bacteria;p__Bacillota;c__Clostridia;o__Oscillospirales;f__Ruminococcaceae;g__Gemmiger;s__Gemmiger sp900540595
cleaned_SRR30598628_bin.4.orig_filtered_kept_contigs.fa	d__Bacteria;p__Bacteroidota;c__Bacteroidia;o__Bacteroidales;f__Bacteroidaceae;g__Prevotella;s__Prevotella sp900543975
cleaned_SRR30598628_bin.6.permissive_filtered_kept_contigs.fa	d__Bacteria;p__Campylobacterota;c__Campylobacteria;o__Campylobacterales;f__Campylobacteraceae;g__Campylobacter;s__Campylobacter infans
cleaned_SRR30598628_bin.7.orig_filtered_kept_contigs.fa	d__Bacteria;p__Bacteroidota;c__Bacteroidia;o__Bacteroidales;f__Rikenellaceae;g__Alistipes;s__Alistipes shahii
cleaned_SRR30598629_bin.14.permissive_filtered_kept_contigs.fa	d__Bacteria;p__Pseudomonadota;c__Alphaproteobacteria;o__Rs-D84;f__Rs-D84;g__Enterousia;s__Enterousia sp900550565
cleaned_SRR30598629_bin.17.orig_filtered_kept_contigs.fa	d__Bacteria;p__Bacillota;c__Clostridia;o__Oscillospirales;f__Oscillospiraceae;g__Apopatocola;s__Apopatocola sp003522945
cleaned_SRR30598629_bin.18.orig_filtered_kept_contigs.fa	d__Bacteria;p__Bacteroidota;c__Bacteroidia;o__Bacteroidales;f__Bacteroidaceae;g__Prevotella;s__Prevotella sp002299635
cleaned_SRR30598629_bin.1.orig_filtered_kept_contigs.fa	d__Bacteria;p__Actinomycetota;c__Coriobacteriia;o__Coriobacteriales;f__Atopobiaceae;g__Paratractidigestivibacter;s__Paratractidigestivibacter faecalis
cleaned_SRR30598629_bin.2.strict_filtered_kept_contigs.fa	d__Bacteria;p__Bacillota;c__Clostridia;o__Christensenellales;f__CAG-917;g__CAG-475;s__CAG-475 sp963656415
cleaned_SRR30598629_bin.33.strict_filtered_kept_contigs.fa	d__Bacteria;p__Bacillota;c__Clostridia;o__Oscillospirales;f__Ruminococcaceae;g__Angelakisella;s__Angelakisella sp900547385
cleaned_SRR30598629_bin.41.orig_filtered_kept_contigs.fa	d__Bacteria;p__Bacillota;c__Clostridia;o__Oscillospirales;f__CAG-272;g__UMGS1696;s__UMGS1696 sp900753285
cleaned_SRR30598629_bin.44.orig_filtered_kept_contigs.fa	d__Bacteria;p__Bacillota;c__Clostridia;o__Christensenellales;f__CAG-917;g__CAG-349;s__CAG-349 sp003539515
cleaned_SRR30598629_bin.50.orig_filtered_kept_contigs.fa	d__Bacteria;p__Bacillota;c__Bacilli;o__Lactobacillales;f__Enterococcaceae;g__Enterococcus_B;s__Enterococcus_B lactis
cleaned_SRR30598629_bin.51.orig_filtered_kept_contigs.fa	d__Bacteria;p__Bacillota;c__Clostridia;o__Lachnospirales;f__Lachnospiraceae;g__Agathobacter;s__Agathobacter rectalis
cleaned_SRR30598629_bin.59.orig_filtered_kept_contigs.fa	d__Bacteria;p__Bacillota;c__Negativicutes;o__Selenomonadales;f__Selenomonadaceae;g__Mitsuokella;s__Mitsuokella multacida
cleaned_SRR30598629_bin.63.strict_filtered_kept_contigs.fa	d__Bacteria;p__Bacillota;c__Clostridia;o__Oscillospirales;f__Ruminococcaceae;g__Faecalibacterium;s__Faecalibacterium duncaniae
cleaned_SRR30598629_bin.66.orig_filtered_kept_contigs.fa	d__Bacteria;p__Actinomycetota;c__Coriobacteriia;o__Coriobacteriales;f__Atopobiaceae;g__Parolsenella;s__Parolsenella massiliensis
cleaned_SRR30598629_bin.6.permissive_filtered_kept_contigs.fa	d__Bacteria;p__Bacillota;c__Clostridia;o__Oscillospirales;f__Acutalibacteraceae;g__CAG-488;s__CAG-488 sp000434055
cleaned_SRR30598629_bin.72.orig_filtered_kept_contigs.fa	d__Bacteria;p__Bacillota;c__Clostridia;o__Oscillospirales;f__Ruminococcaceae;g__Ruminiclostridium_E;s__Ruminiclostridium_E siraeum
cleaned_SRR30598629_bin.75.orig_filtered_kept_contigs.fa	d__Bacteria;p__Bacillota;c__Clostridia;o__Lachnospirales;f__Lachnospiraceae;g__Oribacterium;s__Oribacterium sp937927445
cleaned_SRR30598629_bin.76.strict_filtered_kept_contigs.fa	d__Bacteria;p__Actinomycetota;c__Coriobacteriia;o__Coriobacteriales;f__Eggerthellaceae;g__Anaerotardibacter;s__
cleaned_SRR30598629_bin.79.strict_filtered_kept_contigs.fa	d__Bacteria;p__Bacillota;c__Clostridia;o__Oscillospirales;f__Acutalibacteraceae;g__RGIG4076;s__RGIG4076 sp905198155
cleaned_SRR30598629_bin.9.orig_filtered_kept_contigs.fa	d__Bacteria;p__Bacillota;c__Clostridia;o__Lachnospirales;f__Lachnospiraceae;g__CAG-791;s__CAG-791 sp000431495
cleaned_SRR30598630_bin.19.strict_filtered_kept_contigs.fa	d__Bacteria;p__Bacillota;c__Clostridia;o__Oscillospirales;f__Oscillospiraceae;g__RGIG3159;s__RGIG3159 sp938049125
cleaned_SRR30598630_bin.22.strict_filtered_kept_contigs.fa	d__Bacteria;p__Bacillota;c__Bacilli;o__Lactobacillales;f__Lactobacillaceae;g__Lactobacillus;s__Lactobacillus equicursoris
cleaned_SRR30598630_bin.26.orig_filtered_kept_contigs.fa	d__Bacteria;p__Bacillota;c__Bacilli;o__Lactobacillales;f__Streptococcaceae;g__Streptococcus;s__Streptococcus pasteurianus
cleaned_SRR30598630_bin.29.strict_filtered_kept_contigs.fa	d__Bacteria;p__Bacillota;c__Clostridia;o__Lachnospirales;f__Lachnospiraceae;g__Roseburia;s__Roseburia hominis
cleaned_SRR30598630_bin.31.orig_filtered_kept_contigs.fa	d__Bacteria;p__Bacillota;c__Clostridia;o__Oscillospirales;f__Oscillospiraceae;g__Faecousia;s__Faecousia sp900544405
cleaned_SRR30598630_bin.33.orig_filtered_kept_contigs.fa	d__Bacteria;p__Bacillota;c__Clostridia;o__Lachnospirales;f__Lachnospiraceae;g__Bariatricus;s__Bariatricus sp900554415
cleaned_SRR30598630_bin.38.orig_filtered_kept_contigs.fa	d__Bacteria;p__Bacillota;c__Clostridia;o__Lachnospirales;f__Lachnospiraceae;g__Mediterraneibacter;s__Mediterraneibacter sp934330165
cleaned_SRR30598630_bin.47.orig_filtered_kept_contigs.fa	d__Bacteria;p__Actinomycetota;c__Coriobacteriia;o__Coriobacteriales;f__Eggerthellaceae;g__Senegalimassilia;s__
cleaned_SRR30598630_bin.50.orig_filtered_kept_contigs.fa	d__Bacteria;p__Bacillota;c__Clostridia;o__Oscillospirales;f__Oscillospiraceae;g__Faecousia;s__Faecousia sp900546075
cleaned_SRR30598630_bin.54.orig_filtered_kept_contigs.fa	d__Bacteria;p__Bacillota;c__Clostridia;o__Lachnospirales;f__Lachnospiraceae;g__Avilachnospira;s__Avilachnospira sp944377405
cleaned_SRR30598630_bin.55.orig_filtered_kept_contigs.fa	d__Bacteria;p__Bacillota;c__Clostridia;o__Oscillospirales;f__Oscillospiraceae;g__Vescimonas;s__Vescimonas sp900554275
cleaned_SRR30598630_bin.57.orig_filtered_kept_contigs.fa	d__Bacteria;p__Bacillota;c__Clostridia;o__Lachnospirales;f__Lachnospiraceae;g__Lachnospira;s__Lachnospira sp934358235
cleaned_SRR30598630_bin.60.strict_filtered_kept_contigs.fa	d__Bacteria;p__Bacteroidota;c__Bacteroidia;o__Bacteroidales;f__Rikenellaceae;g__Alistipes_A;s__Alistipes_A indistinctus
cleaned_SRR30598630_bin.66.orig_filtered_kept_contigs.fa	d__Bacteria;p__Bacillota;c__Bacilli;o__Lactobacillales;f__Streptococcaceae;g__Streptococcus;s__Streptococcus agalactiae
cleaned_SRR30598630_bin.6.orig_filtered_kept_contigs.fa	d__Bacteria;p__Bacillota;c__Clostridia;o__Oscillospirales;f__Acutalibacteraceae;g__Fimenecus;s__Fimenecus sp934436505
cleaned_SRR30598630_bin.73.orig_filtered_kept_contigs.fa	d__Bacteria;p__Pseudomonadota;c__Gammaproteobacteria;o__Burkholderiales;f__Burkholderiaceae;g__Duodenibacillus;s__Duodenibacillus sp900544255
cleaned_SRR30598630_bin.81.orig_filtered_kept_contigs.fa	d__Bacteria;p__Bacteroidota;c__Bacteroidia;o__Bacteroidales;f__Muribaculaceae;g__UBA7173;s__UBA7173 sp900546835
cleaned_SRR30598630_bin.82.orig_filtered_kept_contigs.fa	d__Bacteria;p__Actinomycetota;c__Coriobacteriia;o__Coriobacteriales;f__Eggerthellaceae;g__Slackia;s__
cleaned_SRR30598630_bin.84.strict_filtered_kept_contigs.fa	d__Bacteria;p__Verrucomicrobiota;c__Verrucomicrobiia;o__Verrucomicrobiales;f__Akkermansiaceae;g__Akkermansia;s__Akkermansia muciniphila
cleaned_SRR30598630_bin.87.orig_filtered_kept_contigs.fa	d__Bacteria;p__Bacillota;c__Clostridia;o__Oscillospirales;f__Acutalibacteraceae;g__Ruminococcoides;s__Ruminococcoides intestinale
cleaned_SRR30598631_bin.100.orig_filtered_kept_contigs.fa	d__Bacteria;p__Bacillota;c__Clostridia;o__Oscillospirales;f__CAG-272;g__CAG-448;s__CAG-448 sp003150135
cleaned_SRR30598631_bin.106.strict_filtered_kept_contigs.fa	d__Bacteria;p__Bacteroidota;c__Bacteroidia;o__Bacteroidales;f__Rikenellaceae;g__Alistipes;s__Alistipes senegalensis
cleaned_SRR30598631_bin.10.orig_filtered_kept_contigs.fa	d__Bacteria;p__Bacillota;c__Clostridia;o__Oscillospirales;f__Oscillospiraceae;g__Limivicinus;s__Limivicinus sp900546515
cleaned_SRR30598631_bin.12.permissive_filtered_kept_contigs.fa	d__Bacteria;p__Bacillota;c__Clostridia;o__Christensenellales;f__Aristaeellaceae;g__Fimadaptatus;s__Fimadaptatus sp948467645
cleaned_SRR30598631_bin.15.strict_filtered_kept_contigs.fa	d__Bacteria;p__Bacillota;c__Clostridia;o__Oscillospirales;f__CAG-272;g__CAG-390;s__CAG-390 sp000437015
cleaned_SRR30598631_bin.17.permissive_filtered_kept_contigs.fa	d__Bacteria;p__Actinomycetota;c__Coriobacteriia;o__Coriobacteriales;f__Eggerthellaceae;g__Ellagibacter;s__Ellagibacter sp934636505
cleaned_SRR30598631_bin.1.orig_filtered_kept_contigs.fa	d__Bacteria;p__Bacillota;c__Clostridia;o__Oscillospirales;f__Acutalibacteraceae;g__Hominenteromicrobium;s__Hominenteromicrobium mulieris
cleaned_SRR30598631_bin.21.orig_filtered_kept_contigs.fa	d__Bacteria;p__Bacillota;c__Clostridia;o__Lachnospirales;f__Lachnospiraceae;g__CAG-510;s__CAG-510 sp000434615
cleaned_SRR30598631_bin.27.strict_filtered_kept_contigs.fa	d__Bacteria;p__Bacillota;c__Clostridia;o__Oscillospirales;f__Ruminococcaceae;g__Ruminococcus;s__Ruminococcus sp900540005
cleaned_SRR30598631_bin.29.strict_filtered_kept_contigs.fa	d__Bacteria;p__Bacillota;c__Clostridia;o__Christensenellales;f__Aristaeellaceae;g__SFMI01;s__SFMI01 sp004556155
cleaned_SRR30598631_bin.31.orig_filtered_kept_contigs.fa	d__Bacteria;p__Bacillota;c__Clostridia;o__Oscillospirales;f__Oscillospiraceae;g__Vescimonas;s__Vescimonas sp003539495
cleaned_SRR30598631_bin.34.strict_filtered_kept_contigs.fa	d__Bacteria;p__Bacillota;c__Clostridia;o__Oscillospirales;f__Ruminococcaceae;g__Ruminococcus_C;s__Ruminococcus_C sp000433635
cleaned_SRR30598631_bin.4.orig_filtered_kept_contigs.fa	d__Bacteria;p__Bacillota;c__Clostridia;o__Christensenellales;f__CAG-917;g__CAG-475;s__CAG-475 sp000434435
cleaned_SRR30598631_bin.51.strict_filtered_kept_contigs.fa	d__Bacteria;p__Bacteroidota;c__Bacteroidia;o__Bacteroidales;f__Bacteroidaceae;g__UBA6398;s__UBA6398 sp003150315
cleaned_SRR30598631_bin.55.orig_filtered_kept_contigs.fa	d__Bacteria;p__Bacillota;c__Clostridia;o__Oscillospirales;f__Oscillospiraceae;g__F23-B02;s__F23-B02 sp003533405
cleaned_SRR30598631_bin.67.orig_filtered_kept_contigs.fa	d__Bacteria;p__Desulfobacterota_I;c__Desulfovibrionia;o__Desulfovibrionales;f__Desulfovibrionaceae;g__Desulfovibrio;s__Desulfovibrio sp900319575
cleaned_SRR30598631_bin.69.orig_filtered_kept_contigs.fa	d__Bacteria;p__Bacillota;c__Clostridia;o__Lachnospirales;f__Lachnospiraceae;g__Eubacterium_F;s__Eubacterium_F sp003491505
cleaned_SRR30598631_bin.6.orig_filtered_kept_contigs.fa	d__Bacteria;p__Bacillota;c__Clostridia;o__Oscillospirales;f__Acutalibacteraceae;g__CAG-177;s__CAG-177 sp000431775
cleaned_SRR30598631_bin.71.orig_filtered_kept_contigs.fa	d__Bacteria;p__Bacillota;c__Bacilli;o__Erysipelotrichales;f__Coprobacillaceae;g__Catenibacterium;s__Catenibacterium sp900764565
cleaned_SRR30598631_bin.73.strict_filtered_kept_contigs.fa	d__Bacteria;p__Bacillota;c__Clostridia;o__Christensenellales;f__Borkfalkiaceae;g__UBA1259;s__UBA1259 sp900760875
cleaned_SRR30598631_bin.76.orig_filtered_kept_contigs.fa	d__Bacteria;p__Bacillota;c__Bacilli;o__Erysipelotrichales;f__Erysipelotrichaceae;g__Bulleidia;s__Bulleidia sp934754415
cleaned_SRR30598631_bin.85.orig_filtered_kept_contigs.fa	d__Bacteria;p__Bacillota;c__Clostridia;o__Lachnospirales;f__Lachnospiraceae;g__Suilimivivens;s__Suilimivivens sp000438155
cleaned_SRR30598631_bin.92.orig_filtered_kept_contigs.fa	d__Bacteria;p__Bacillota;c__Clostridia;o__Lachnospirales;f__Lachnospiraceae;g__Wujia;s__Wujia sp022174665
cleaned_SRR30598633_bin.2.strict_filtered_kept_contigs.fa	d__Bacteria;p__Bacillota;c__Bacilli;o__Lactobacillales;f__Enterococcaceae;g__Enterococcus_B;s__Enterococcus_B faecium
cleaned_SRR30598633_bin.4.permissive_filtered_kept_contigs.fa	d__Bacteria;p__Bacteroidota;c__Bacteroidia;o__Bacteroidales;f__Bacteroidaceae;g__Bacteroides;s__Bacteroides thetaiotaomicron
cleaned_SRR30598634_bin.1.permissive_filtered_kept_contigs.fa	d__Bacteria;p__Pseudomonadota;c__Gammaproteobacteria;o__Enterobacterales;f__Enterobacteriaceae;g__Klebsiella;s__Klebsiella quasipneumoniae
cleaned_SRR30598635_bin.15.orig_filtered_kept_contigs.fa	d__Bacteria;p__Bacillota;c__Clostridia;o__Lachnospirales;f__Lachnospiraceae;g__CAG-303;s__CAG-303 sp000437755
cleaned_SRR30598635_bin.27.orig_filtered_kept_contigs.fa	d__Bacteria;p__Bacillota;c__Clostridia;o__Oscillospirales;f__Acutalibacteraceae;g__Eubacterium_R;s__Eubacterium_R sp900539325
cleaned_SRR30598635_bin.30.orig_filtered_kept_contigs.fa	d__Bacteria;p__Bacillota;c__Clostridia;o__Lachnospirales;f__Lachnospiraceae;g__CAG-882;s__CAG-882 sp000435595
cleaned_SRR30598635_bin.36.orig_filtered_kept_contigs.fa	d__Bacteria;p__Bacillota;c__Clostridia;o__Oscillospirales;f__Acutalibacteraceae;g__Ruminococcoides;s__Ruminococcoides intestinihominis
cleaned_SRR30598635_bin.41.orig_filtered_kept_contigs.fa	d__Bacteria;p__Actinomycetota;c__Coriobacteriia;o__Coriobacteriales;f__Coriobacteriaceae;g__Collinsella;s__
cleaned_SRR30598635_bin.42.orig_filtered_kept_contigs.fa	d__Bacteria;p__Bacillota;c__Clostridia;o__Lachnospirales;f__Lachnospiraceae;g__Fusicatenibacter;s__Fusicatenibacter saccharivorans
cleaned_SRR30598635_bin.47.orig_filtered_kept_contigs.fa	d__Bacteria;p__Bacillota;c__Clostridia;o__Lachnospirales;f__Lachnospiraceae;g__Coprococcus;s__Coprococcus aceti
cleaned_SRR30598635_bin.48.orig_filtered_kept_contigs.fa	d__Bacteria;p__Bacillota;c__Clostridia;o__Oscillospirales;f__Ruminococcaceae;g__Huintestinicola;s__Huintestinicola sp900768995
cleaned_SRR30598635_bin.54.orig_filtered_kept_contigs.fa	d__Bacteria;p__Bacillota;c__Clostridia;o__Lachnospirales;f__Lachnospiraceae;g__Bovifimicola;s__Bovifimicola ammoniilytica
cleaned_SRR30598635_bin.56.orig_filtered_kept_contigs.fa	d__Bacteria;p__Bacillota;c__Clostridia;o__Oscillospirales;f__Acutalibacteraceae;g__Pseudoruminococcus;s__Pseudoruminococcus massiliensis
cleaned_SRR30598636_bin.20.orig_filtered_kept_contigs.fa	d__Bacteria;p__Bacillota;c__Negativicutes;o__Selenomonadales;f__Selenomonadaceae;g__Anaerovibrio;s__Anaerovibrio sp900548165
cleaned_SRR30598636_bin.44.orig_filtered_kept_contigs.fa	d__Bacteria;p__Bacillota;c__Bacilli;o__Lactobacillales;f__Enterococcaceae;g__Enterococcus_G;s__Enterococcus_G sp913775425
cleaned_SRR30598636_bin.46.strict_filtered_kept_contigs.fa	d__Bacteria;p__Pseudomonadota;c__Alphaproteobacteria;o__RF32;f__CAG-239;g__RUG410;s__RUG410 sp934229625
cleaned_SRR30598636_bin.51.orig_filtered_kept_contigs.fa	d__Bacteria;p__Bacteroidota;c__Bacteroidia;o__Bacteroidales;f__Bacteroidaceae;g__Prevotella;s__Prevotella sp000436915
cleaned_SRR30598636_bin.55.orig_filtered_kept_contigs.fa	d__Bacteria;p__Bacillota;c__Clostridia;o__Oscillospirales;f__Butyricicoccaceae;g__Agathobaculum;s__Agathobaculum sp934504345
cleaned_SRR30598637_bin.10.orig_filtered_kept_contigs.fa	d__Bacteria;p__Bacteroidota;c__Bacteroidia;o__Bacteroidales;f__Bacteroidaceae;g__Prevotella;s__Prevotella merdae
cleaned_SRR30598637_bin.20.strict_filtered_kept_contigs.fa	d__Bacteria;p__Pseudomonadota;c__Gammaproteobacteria;o__Burkholderiales;f__Burkholderiaceae;g__Sutterella;s__Sutterella wadsworthensis
cleaned_SRR30598637_bin.42.orig_filtered_kept_contigs.fa	d__Bacteria;p__Bacteroidota;c__Bacteroidia;o__Bacteroidales;f__Marinifilaceae;g__Butyricimonas;s__Butyricimonas faecalis
cleaned_SRR30598637_bin.43.strict_filtered_kept_contigs.fa	d__Bacteria;p__Desulfobacterota_I;c__Desulfovibrionia;o__Desulfovibrionales;f__Desulfovibrionaceae;g__Desulfovibrio;s__Desulfovibrio fairfieldensis_A
cleaned_SRR30598637_bin.44.orig_filtered_kept_contigs.fa	d__Bacteria;p__Bacillota;c__Clostridia;o__Oscillospirales;f__Ruminococcaceae;g__Gemmiger;s__Gemmiger formicilis
cleaned_SRR30598637_bin.8.orig_filtered_kept_contigs.fa	d__Bacteria;p__Bacteroidota;c__Bacteroidia;o__Bacteroidales;f__Rikenellaceae;g__Alistipes_A;s__Alistipes_A ihumii
cleaned_SRR30598638_bin.12.orig_filtered_kept_contigs.fa	d__Bacteria;p__Pseudomonadota;c__Gammaproteobacteria;o__Burkholderiales;f__Burkholderiaceae;g__Duodenibacillus;s__Duodenibacillus intestinigallinarum
cleaned_SRR30598638_bin.18.orig_filtered_kept_contigs.fa	d__Bacteria;p__Bacillota;c__Clostridia;o__Lachnospirales;f__Lachnospiraceae;g__Brotaphodocola;s__Brotaphodocola sp003478505
cleaned_SRR30598638_bin.20.orig_filtered_kept_contigs.fa	d__Bacteria;p__Actinomycetota;c__Coriobacteriia;o__Coriobacteriales;f__Eggerthellaceae;g__Anaerotardibacter;s__
cleaned_SRR30598638_bin.26.orig_filtered_kept_contigs.fa	d__Bacteria;p__Actinomycetota;c__Coriobacteriia;o__Coriobacteriales;f__Coriobacteriaceae;g__Enorma;s__Enorma massiliensis
cleaned_SRR30598638_bin.29.orig_filtered_kept_contigs.fa	d__Bacteria;p__Desulfobacterota_I;c__Desulfovibrionia;o__Desulfovibrionales;f__Desulfovibrionaceae;g__Desulfovibrio;s__Desulfovibrio sp900556755
cleaned_SRR30598638_bin.32.orig_filtered_kept_contigs.fa	d__Bacteria;p__Bacteroidota;c__Bacteroidia;o__Bacteroidales;f__Barnesiellaceae;g__Barnesiella;s__Barnesiella intestinihominis
cleaned_SRR30598638_bin.39.orig_filtered_kept_contigs.fa	d__Bacteria;p__Bacteroidota;c__Bacteroidia;o__Bacteroidales;f__Rikenellaceae;g__Alistipes;s__Alistipes onderdonkii
cleaned_SRR30598638_bin.43.orig_filtered_kept_contigs.fa	d__Bacteria;p__Bacteroidota;c__Bacteroidia;o__Bacteroidales;f__Tannerellaceae;g__Parabacteroides;s__Parabacteroides johnsonii
cleaned_SRR30598638_bin.44.orig_filtered_kept_contigs.fa	d__Bacteria;p__Pseudomonadota;c__Gammaproteobacteria;o__Burkholderiales;f__Burkholderiaceae;g__Sutterella;s__
cleaned_SRR30598638_bin.8.orig_filtered_kept_contigs.fa	d__Bacteria;p__Bacillota;c__Negativicutes;o__Acidaminococcales;f__Acidaminococcaceae;g__Fusicatenibacter_A;s__Fusicatenibacter_A intestinipullorum
cleaned_SRR30598638_bin.9.strict_filtered_kept_contigs.fa	d__Bacteria;p__Verrucomicrobiota;c__Verrucomicrobiia;o__Verrucomicrobiales;f__Akkermansiaceae;g__Akkermansia;s__Akkermansia muciniphila_E
cleaned_SRR30598639_clean_bin.14.orig_filtered_kept_contigs.fa	d__Bacteria;p__Bacillota;c__Clostridia;o__Lachnospirales;f__Lachnospiraceae;g__Roseburia_C;s__Roseburia_C amylophila
cleaned_SRR30598639_clean_bin.16.orig_filtered_kept_contigs.fa	d__Bacteria;p__Bacillota;c__Clostridia;o__Oscillospirales;f__CAG-272;g__UMGS902;s__UMGS902 sp934467415
cleaned_SRR30598639_clean_bin.1.strict_filtered_kept_contigs.fa	d__Bacteria;p__Bacillota;c__Clostridia;o__Lachnospirales;f__Lachnospiraceae;g__Coprococcus;s__Coprococcus sp934270935
cleaned_SRR30598639_clean_bin.22.orig_filtered_kept_contigs.fa	d__Bacteria;p__Bacillota;c__Clostridia;o__Oscillospirales;f__Acutalibacteraceae;g__Eubacterium_R;s__Eubacterium_R sp003526845
cleaned_SRR30598639_clean_bin.26.orig_filtered_kept_contigs.fa	d__Bacteria;p__Bacillota;c__Negativicutes;o__Acidaminococcales;f__Acidaminococcaceae;g__Phascolarctobacterium_A;s__Phascolarctobacterium_A sp022718015
cleaned_SRR30598639_clean_bin.32.orig_filtered_kept_contigs.fa	d__Bacteria;p__Bacillota;c__Clostridia;o__Oscillospirales;f__Oscillospiraceae;g__CAG-103;s__CAG-103 sp900543625
cleaned_SRR30598639_clean_bin.42.orig_filtered_kept_contigs.fa	d__Bacteria;p__Bacillota;c__Clostridia;o__Oscillospirales;f__Ruminococcaceae;g__UMGS1889;s__UMGS1889 sp900556055
cleaned_SRR30598639_clean_bin.48.orig_filtered_kept_contigs.fa	d__Bacteria;p__Bacillota;c__Clostridia;o__Lachnospirales;f__Lachnospiraceae;g__Gallintestinimicrobium;s__Gallintestinimicrobium propionicum
cleaned_SRR30598639_clean_bin.50.orig_filtered_kept_contigs.fa	d__Bacteria;p__Bacteroidota;c__Bacteroidia;o__Bacteroidales;f__Bacteroidaceae;g__Alloprevotella;s__Alloprevotella sp900540885
cleaned_SRR30598639_clean_bin.53.orig_filtered_kept_contigs.fa	d__Bacteria;p__Pseudomonadota;c__Gammaproteobacteria;o__Enterobacterales;f__Enterobacteriaceae;g__Escherichia;s__Escherichia coli
cleaned_SRR30598639_clean_bin.55.orig_filtered_kept_contigs.fa	d__Bacteria;p__Bacillota;c__Clostridia;o__Oscillospirales;f__Ruminococcaceae;g__CAG-115;s__CAG-115 sp003531585
cleaned_SRR30598639_clean_bin.56.orig_filtered_kept_contigs.fa	d__Bacteria;p__Bacillota;c__Clostridia;o__Lachnospirales;f__Lachnospiraceae;g__Butyrivibrio_A;s__Butyrivibrio_A sp000431815
cleaned_SRR30598639_clean_bin.5.orig_filtered_kept_contigs.fa	d__Bacteria;p__Actinomycetota;c__Coriobacteriia;o__Coriobacteriales;f__Coriobacteriaceae;g__Collinsella;s__
cleaned_SRR30598639_clean_bin.67.strict_filtered_kept_contigs.fa	d__Bacteria;p__Bacillota;c__Clostridia;o__Oscillospirales;f__Acutalibacteraceae;g__Eubacterium_R;s__Eubacterium_R sp900542875
cleaned_SRR30598639_clean_bin.8.orig_filtered_kept_contigs.fa	d__Bacteria;p__Bacillota;c__Clostridia;o__Lachnospirales;f__Lachnospiraceae;g__Wujia;s__Wujia hominis
cleaned_SRR30598640_bin.16.orig_filtered_kept_contigs.fa	d__Bacteria;p__Bacillota;c__Clostridia;o__Oscillospirales;f__Acutalibacteraceae;g__Eubacterium_R;s__Eubacterium_R sp000436835
cleaned_SRR30598640_bin.19.orig_filtered_kept_contigs.fa	d__Bacteria;p__Bacillota;c__Clostridia;o__Lachnospirales;f__Lachnospiraceae;g__Petralouisia;s__Petralouisia sp012519695
cleaned_SRR30598640_bin.21.orig_filtered_kept_contigs.fa	d__Bacteria;p__Bacillota;c__Bacilli;o__Lactobacillales;f__Lactobacillaceae;g__Leuconostoc;s__Leuconostoc lactis
cleaned_SRR30598640_bin.23.orig_filtered_kept_contigs.fa	d__Bacteria;p__Bacillota;c__Clostridia;o__Lachnospirales;f__Lachnospiraceae;g__Blautia;s__Blautia stercoris
cleaned_SRR30598640_bin.26.strict_filtered_kept_contigs.fa	d__Bacteria;p__Bacillota;c__Bacilli;o__Lactobacillales;f__Streptococcaceae;g__Streptococcus;s__Streptococcus salivarius_E
cleaned_SRR30598640_bin.28.orig_filtered_kept_contigs.fa	d__Bacteria;p__Bacillota;c__Clostridia;o__Lachnospirales;f__Lachnospiraceae;g__Lachnospira;s__Lachnospira sp000436535
cleaned_SRR30598640_bin.30.orig_filtered_kept_contigs.fa	d__Bacteria;p__Bacillota;c__Clostridia;o__Lachnospirales;f__Lachnospiraceae;g__Roseburia;s__Roseburia inulinivorans
cleaned_SRR30598640_bin.31.orig_filtered_kept_contigs.fa	d__Bacteria;p__Bacillota;c__Bacilli;o__Lactobacillales;f__Lactobacillaceae;g__Ligilactobacillus;s__Ligilactobacillus ruminis
cleaned_SRR30598640_bin.39.orig_filtered_kept_contigs.fa	d__Bacteria;p__Actinomycetota;c__Coriobacteriia;o__Coriobacteriales;f__Eggerthellaceae;g__Slackia;s__Slackia isoflavoniconvertens
cleaned_SRR30598640_bin.43.orig_filtered_kept_contigs.fa	d__Bacteria;p__Bacillota;c__Clostridia;o__Lachnospirales;f__Lachnospiraceae;g__Lachnospira;s__Lachnospira eligens_A
cleaned_SRR30598640_bin.7.orig_filtered_kept_contigs.fa	d__Bacteria;p__Bacillota;c__Bacilli;o__Lactobacillales;f__Streptococcaceae;g__Lactococcus;s__Lactococcus lactis
cleaned_SRR30598641_bin.11.permissive_filtered_kept_contigs.fa	d__Bacteria;p__Bacteroidota;c__Bacteroidia;o__Bacteroidales;f__UBA932;g__Cryptobacteroides;s__Cryptobacteroides sp934700615
cleaned_SRR30598641_bin.18.strict_filtered_kept_contigs.fa	d__Bacteria;p__Actinomycetota;c__Coriobacteriia;o__Coriobacteriales;f__Eggerthellaceae;g__Eggerthella;s__Eggerthella lenta
cleaned_SRR30598641_bin.23.strict_filtered_kept_contigs.fa	d__Bacteria;p__Bacteroidota;c__Bacteroidia;o__Bacteroidales;f__Tannerellaceae;g__Parabacteroides;s__Parabacteroides merdae
cleaned_SRR30598641_bin.25.orig_filtered_kept_contigs.fa	d__Bacteria;p__Bacillota;c__Clostridia;o__Oscillospirales;f__Butyricicoccaceae;g__Agathobaculum;s__Agathobaculum butyriciproducens
cleaned_SRR30598641_bin.30.orig_filtered_kept_contigs.fa	d__Bacteria;p__Bacillota;c__Negativicutes;o__Veillonellales;f__Megasphaeraceae;g__Megasphaera;s__Megasphaera sp900554215
cleaned_SRR30598641_bin.32.orig_filtered_kept_contigs.fa	d__Bacteria;p__Bacillota;c__Clostridia;o__Lachnospirales;f__Lachnospiraceae;g__Blautia_A;s__Blautia_A intestinihominis
cleaned_SRR30598642_bin.12.orig_filtered_kept_contigs.fa	d__Bacteria;p__Bacillota;c__Clostridia;o__Oscillospirales;f__Ruminococcaceae;g__Gemmiger;s__Gemmiger qucibialis
cleaned_SRR30598642_bin.15.orig_filtered_kept_contigs.fa	d__Bacteria;p__Bacillota;c__Clostridia;o__Lachnospirales;f__Lachnospiraceae;g__CAG-882;s__CAG-882 sp934351925
cleaned_SRR30598642_bin.16.orig_filtered_kept_contigs.fa	d__Bacteria;p__Bacillota;c__Clostridia;o__Oscillospirales;f__Ruminococcaceae;g__Ruminococcus_C;s__Ruminococcus_C sp000980705
cleaned_SRR30598642_bin.18.orig_filtered_kept_contigs.fa	d__Bacteria;p__Bacillota;c__Clostridia;o__Oscillospirales;f__Acutalibacteraceae;g__CAG-217;s__CAG-217 sp000436335
cleaned_SRR30598642_bin.20.strict_filtered_kept_contigs.fa	d__Bacteria;p__Actinomycetota;c__Coriobacteriia;o__Coriobacteriales;f__Coriobacteriaceae;g__Collinsella;s__
cleaned_SRR30598642_bin.23.orig_filtered_kept_contigs.fa	d__Bacteria;p__Bacillota;c__Clostridia;o__Lachnospirales;f__Lachnospiraceae;g__Agathobacter;s__Agathobacter sp900552085
cleaned_SRR30598642_bin.28.orig_filtered_kept_contigs.fa	d__Bacteria;p__Actinomycetota;c__Coriobacteriia;o__Coriobacteriales;f__Eggerthellaceae;g__Senegalimassilia;s__Senegalimassilia sp003474385
cleaned_SRR30598642_bin.30.orig_filtered_kept_contigs.fa	d__Bacteria;p__Cyanobacteriota;c__Vampirovibrionia;o__Gastranaerophilales;f__Gastranaerophilaceae;g__Stercorousia;s__Stercorousia sp001765415
cleaned_SRR30598642_bin.32.orig_filtered_kept_contigs.fa	d__Bacteria;p__Cyanobacteriota;c__Vampirovibrionia;o__Gastranaerophilales;f__Gastranaerophilaceae;g__Zag111;s__Zag111 sp003258735
cleaned_SRR30598642_bin.41.orig_filtered_kept_contigs.fa	d__Bacteria;p__Bacillota;c__Clostridia;o__Lachnospirales;f__Lachnospiraceae;g__Limivivens;s__Limivivens faecihominis
cleaned_SRR30598642_bin.44.orig_filtered_kept_contigs.fa	d__Bacteria;p__Bacteroidota;c__Bacteroidia;o__Bacteroidales;f__Bacteroidaceae;g__Prevotella;s__Prevotella sp900313215
cleaned_SRR30598642_bin.51.permissive_filtered_kept_contigs.fa	d__Bacteria;p__Campylobacterota;c__Campylobacteria;o__Campylobacterales;f__Campylobacteraceae;g__Campylobacter_D;s__Campylobacter_D sp900539255
cleaned_SRR30598642_bin.56.permissive_filtered_kept_contigs.fa	d__Bacteria;p__Pseudomonadota;c__Gammaproteobacteria;o__Enterobacterales;f__Succinivibrionaceae;g__Succinivibrio;s__Succinivibrio sp000431835
cleaned_SRR30598642_bin.8.orig_filtered_kept_contigs.fa	d__Bacteria;p__Bacillota;c__Clostridia;o__Oscillospirales;f__Ruminococcaceae;g__CAG-115;s__CAG-115 sp003507295
cleaned_SRR30598643_bin.15.orig_filtered_kept_contigs.fa	d__Bacteria;p__Bacillota;c__Bacilli;o__Lactobacillales;f__Streptococcaceae;g__Streptococcus;s__Streptococcus lutetiensis
cleaned_SRR30598643_bin.1.orig_filtered_kept_contigs.fa	d__Bacteria;p__Bacillota;c__Clostridia;o__Lachnospirales;f__Lachnospiraceae;g__Anthropogastromicrobium;s__Anthropogastromicrobium sp934292725
cleaned_SRR30598643_bin.20.orig_filtered_kept_contigs.fa	d__Bacteria;p__Pseudomonadota;c__Gammaproteobacteria;o__Burkholderiales;f__Burkholderiaceae;g__Duodenibacillus;s__Duodenibacillus massiliensis
cleaned_SRR30598643_bin.22.orig_filtered_kept_contigs.fa	d__Bacteria;p__Bacteroidota;c__Bacteroidia;o__Bacteroidales;f__Bacteroidaceae;g__Bacteroides;s__Bacteroides hominis
cleaned_SRR30598643_bin.28.orig_filtered_kept_contigs.fa	d__Bacteria;p__Bacteroidota;c__Bacteroidia;o__Bacteroidales;f__Bacteroidaceae;g__Prevotella;s__Prevotella buccae
cleaned_SRR30598643_bin.35.orig_filtered_kept_contigs.fa	d__Bacteria;p__Bacillota;c__Clostridia;o__Lachnospirales;f__Lachnospiraceae;g__Dorea_A;s__Dorea_A sp934309195
cleaned_SRR30598643_bin.38.strict_filtered_kept_contigs.fa	d__Bacteria;p__Pseudomonadota;c__Gammaproteobacteria;o__Burkholderiales;f__Burkholderiaceae;g__Comamonas;s__Comamonas kerstersii
cleaned_SRR30598643_bin.3.orig_filtered_kept_contigs.fa	d__Bacteria;p__Bacillota;c__Clostridia;o__UBA1381;f__UBA1381;g__Hominilimicola;s__Hominilimicola fabiformis
cleaned_SRR30598643_bin.46.orig_filtered_kept_contigs.fa	d__Bacteria;p__Actinomycetota;c__Actinomycetes;o__Actinomycetales;f__Bifidobacteriaceae;g__Bifidobacterium;s__Bifidobacterium bifidum
cleaned_SRR30598643_bin.9.orig_filtered_kept_contigs.fa	d__Bacteria;p__Bacillota;c__Clostridia;o__Lachnospirales;f__Lachnospiraceae;g__Lachnospira;s__Lachnospira hominis
cleaned_SRR30598644_bin.13.orig_filtered_kept_contigs.fa	d__Bacteria;p__Bacillota;c__Bacilli;o__Lactobacillales;f__Lactobacillaceae;g__Limosilactobacillus;s__Limosilactobacillus mucosae
cleaned_SRR30598644_bin.14.orig_filtered_kept_contigs.fa	d__Bacteria;p__Bacillota;c__Clostridia;o__Oscillospirales;f__Ruminococcaceae;g__Ruthenibacterium;s__Ruthenibacterium lactatiformans
cleaned_SRR30598644_bin.16.orig_filtered_kept_contigs.fa	d__Bacteria;p__Bacteroidota;c__Bacteroidia;o__Bacteroidales;f__Bacteroidaceae;g__Prevotella;s__Prevotella sp002265625
cleaned_SRR30598644_bin.23.strict_filtered_kept_contigs.fa	d__Bacteria;p__Bacillota;c__Bacilli;o__Lactobacillales;f__Streptococcaceae;g__Streptococcus;s__Streptococcus hominis
cleaned_SRR30598644_bin.29.strict_filtered_kept_contigs.fa	d__Bacteria;p__Desulfobacterota_I;c__Desulfovibrionia;o__Desulfovibrionales;f__Desulfovibrionaceae;g__Bilophila;s__Bilophila wadsworthia
cleaned_SRR30598644_bin.30.orig_filtered_kept_contigs.fa	d__Bacteria;p__Bacillota;c__Clostridia;o__Lachnospirales;f__Lachnospiraceae;g__Otoolea;s__Otoolea symbiosa
cleaned_SRR30598644_bin.40.orig_filtered_kept_contigs.fa	d__Bacteria;p__Bacteroidota;c__Bacteroidia;o__Bacteroidales;f__Bacteroidaceae;g__Prevotella;s__Prevotella sp022741625
cleaned_SRR30598644_bin.41.orig_filtered_kept_contigs.fa	d__Bacteria;p__Bacillota;c__Bacilli;o__Lactobacillales;f__Streptococcaceae;g__Streptococcus;s__Streptococcus infantarius
cleaned_SRR30598644_bin.43.orig_filtered_kept_contigs.fa	d__Bacteria;p__Bacillota;c__Clostridia;o__Oscillospirales;f__Oscillospiraceae;g__Flavonifractor;s__Flavonifractor plautii
cleaned_SRR30598644_bin.46.strict_filtered_kept_contigs.fa	d__Bacteria;p__Bacteroidota;c__Bacteroidia;o__Bacteroidales;f__Bacteroidaceae;g__Alloprevotella;s__Alloprevotella timonensis
cleaned_SRR30598645_clean_bin.22.orig_filtered_kept_contigs.fa	d__Bacteria;p__Bacillota;c__Clostridia;o__Christensenellales;f__Aristaeellaceae;g__UBA11524;s__UBA11524 sp000437595
cleaned_SRR30598645_clean_bin.2.orig_filtered_kept_contigs.fa	d__Bacteria;p__Bacillota;c__Clostridia;o__Oscillospirales;f__Ruminococcaceae;g__Ruminiclostridium_E;s__Ruminiclostridium_E sp900539195
cleaned_SRR30598645_clean_bin.32.strict_filtered_kept_contigs.fa	d__Bacteria;p__Bacillota;c__Clostridia;o__Oscillospirales;f__Ruminococcaceae;g__Hominimerdicola;s__Hominimerdicola sp934435205
cleaned_SRR30598645_clean_bin.41.orig_filtered_kept_contigs.fa	d__Bacteria;p__Actinomycetota;c__Actinomycetes;o__Actinomycetales;f__Bifidobacteriaceae;g__Bifidobacterium;s__
cleaned_SRR30598645_clean_bin.54.orig_filtered_kept_contigs.fa	d__Bacteria;p__Bacillota;c__Clostridia;o__Lachnospirales;f__Lachnospiraceae;g__Agathobacter;s__Agathobacter sp900548765
cleaned_SRR30598645_clean_bin.64.orig_filtered_kept_contigs.fa	d__Bacteria;p__Bacillota;c__Clostridia;o__Lachnospirales;f__Lachnospiraceae;g__Mediterraneibacter;s__Mediterraneibacter sp934309345
cleaned_SRR30598645_clean_bin.66.orig_filtered_kept_contigs.fa	d__Bacteria;p__Bacillota;c__Bacilli;o__Erysipelotrichales;f__Erysipelotrichaceae;g__Bulleidia;s__Bulleidia sp900539965
cleaned_SRR30598645_clean_bin.71.orig_filtered_kept_contigs.fa	d__Bacteria;p__Bacillota;c__Clostridia;o__Oscillospirales;f__Oscillospiraceae;g__F23-B02;s__F23-B02 sp002472405
cleaned_SRR30598645_clean_bin.72.orig_filtered_kept_contigs.fa	d__Bacteria;p__Bacillota;c__Clostridia;o__Lachnospirales;f__Lachnospiraceae;g__CAG-632;s__CAG-632 sp000431515
cleaned_SRR30598645_clean_bin.86.orig_filtered_kept_contigs.fa	d__Bacteria;p__Bacillota;c__Negativicutes;o__Acidaminococcales;f__Acidaminococcaceae;g__Phascolarctobacterium_A;s__Phascolarctobacterium_A sp902463975
cleaned_SRR30598646_bin.12.strict_filtered_kept_contigs.fa	d__Bacteria;p__Actinomycetota;c__Coriobacteriia;o__Coriobacteriales;f__Coriobacteriaceae;g__Collinsella;s__
cleaned_SRR30598646_bin.13.strict_filtered_kept_contigs.fa	d__Bacteria;p__Pseudomonadota;c__Alphaproteobacteria;o__RF32;f__CAG-239;g__RUG410;s__RUG410 sp900769705
cleaned_SRR30598646_bin.1.orig_filtered_kept_contigs.fa	d__Bacteria;p__Bacteroidota;c__Bacteroidia;o__Bacteroidales;f__Tannerellaceae;g__Parabacteroides;s__Parabacteroides goldsteinii
cleaned_SRR30598646_bin.24.orig_filtered_kept_contigs.fa	d__Bacteria;p__Bacillota;c__Clostridia;o__Oscillospirales;f__Ruminococcaceae;g__Gemmiger;s__Gemmiger sp900539695
cleaned_SRR30598646_bin.26.orig_filtered_kept_contigs.fa	d__Bacteria;p__Bacillota;c__Clostridia;o__Oscillospirales;f__Oscillospiraceae;g__CAG-103;s__CAG-103 sp900317855
cleaned_SRR30598646_bin.34.strict_filtered_kept_contigs.fa	d__Bacteria;p__Bacillota;c__Clostridia;o__Oscillospirales;f__Acutalibacteraceae;g__CAG-964;s__CAG-964 sp000435335
cleaned_SRR30598646_bin.39.orig_filtered_kept_contigs.fa	d__Bacteria;p__Bacillota;c__Clostridia;o__Lachnospirales;f__Lachnospiraceae;g__Agathobacter;s__Agathobacter sp900546625
cleaned_SRR30598646_bin.41.orig_filtered_kept_contigs.fa	d__Bacteria;p__Bacillota;c__Clostridia;o__Lachnospirales;f__Lachnospiraceae;g__Hominisplanchenecus;s__Hominisplanchenecus faecis
cleaned_SRR30598646_bin.47.permissive_filtered_kept_contigs.fa	d__Bacteria;p__Bacteroidota;c__Bacteroidia;o__Bacteroidales;f__Rikenellaceae;g__Alistipes;s__Alistipes putredinis
cleaned_SRR30598646_bin.56.orig_filtered_kept_contigs.fa	d__Bacteria;p__Actinomycetota;c__Actinomycetes;o__Actinomycetales;f__Bifidobacteriaceae;g__Bifidobacterium;s__Bifidobacterium pseudocatenulatum
cleaned_SRR30598646_bin.57.orig_filtered_kept_contigs.fa	d__Bacteria;p__Bacillota;c__Clostridia;o__Oscillospirales;f__Oscillospiraceae;g__Vescimonas;s__Vescimonas cirricatena
cleaned_SRR30598646_bin.61.orig_filtered_kept_contigs.fa	d__Bacteria;p__Bacteroidota;c__Bacteroidia;o__Bacteroidales;f__Bacteroidaceae;g__Bacteroides;s__Bacteroides uniformis
cleaned_SRR30598646_bin.69.orig_filtered_kept_contigs.fa	d__Bacteria;p__Bacteroidota;c__Bacteroidia;o__Bacteroidales;f__Marinifilaceae;g__Odoribacter;s__Odoribacter splanchnicus
cleaned_SRR30598646_bin.70.strict_filtered_kept_contigs.fa	d__Bacteria;p__Pseudomonadota;c__Gammaproteobacteria;o__Burkholderiales;f__Burkholderiaceae;g__Sutterella;s__Sutterella sp949287305
cleaned_SRR30598646_bin.9.orig_filtered_kept_contigs.fa	d__Bacteria;p__Bacillota;c__Clostridia;o__Christensenellales;f__CAG-138;g__Phil1;s__Phil1 sp001940855
cleaned_SRR30598647_bin.25.orig_filtered_kept_contigs.fa	d__Bacteria;p__Bacillota;c__Clostridia;o__Lachnospirales;f__Lachnospiraceae;g__Sellimonas;s__Sellimonas intestinalis
cleaned_SRR30598647_bin.26.orig_filtered_kept_contigs.fa	d__Bacteria;p__Bacillota;c__Clostridia;o__Oscillospirales;f__Oscillospiraceae;g__Hominicoprocola;s__Hominicoprocola sp900317525
cleaned_SRR30598647_bin.31.orig_filtered_kept_contigs.fa	d__Bacteria;p__Bacteroidota;c__Bacteroidia;o__Bacteroidales;f__Bacteroidaceae;g__Bacteroides;s__Bacteroides fragilis
cleaned_SRR30598647_bin.32.strict_filtered_kept_contigs.fa	d__Bacteria;p__Bacillota;c__Clostridia;o__Lachnospirales;f__Anaerotignaceae;g__Anaerotignum_A;s__Anaerotignum_A faecicola
cleaned_SRR30598647_bin.35.orig_filtered_kept_contigs.fa	d__Bacteria;p__Bacteroidota;c__Bacteroidia;o__Bacteroidales;f__Bacteroidaceae;g__Alloprevotella;s__Alloprevotella sp900539625
cleaned_SRR30598647_bin.37.orig_filtered_kept_contigs.fa	d__Bacteria;p__Bacteroidota;c__Bacteroidia;o__Bacteroidales;f__Muribaculaceae;g__Limisoma;s__Limisoma sp000437795
cleaned_SRR30598647_bin.38.orig_filtered_kept_contigs.fa	d__Bacteria;p__Bacillota;c__Negativicutes;o__Selenomonadales;f__Selenomonadaceae;g__Mitsuokella;s__Mitsuokella jalaludinii
cleaned_SRR30598647_bin.3.strict_filtered_kept_contigs.fa	d__Bacteria;p__Bacillota;c__Clostridia;o__Lachnospirales;f__Lachnospiraceae;g__Enterocloster;s__Enterocloster bolteae
cleaned_SRR30598647_bin.4.orig_filtered_kept_contigs.fa	d__Bacteria;p__Bacteroidota;c__Bacteroidia;o__Bacteroidales;f__Bacteroidaceae;g__Prevotella;s__Prevotella sp900548745
cleaned_SRR30598647_bin.8.permissive_filtered_kept_contigs.fa	d__Bacteria;p__Actinomycetota;c__Coriobacteriia;o__Coriobacteriales;f__Coriobacteriaceae;g__Collinsella;s__
cleaned_SRR30598648_bin.14.orig_filtered_kept_contigs.fa	d__Bacteria;p__Actinomycetota;c__Coriobacteriia;o__Coriobacteriales;f__Coriobacteriaceae;g__Collinsella;s__
cleaned_SRR30598648_bin.20.orig_filtered_kept_contigs.fa	d__Bacteria;p__Actinomycetota;c__Coriobacteriia;o__Coriobacteriales;f__Eggerthellaceae;g__Senegalimassilia;s__Senegalimassilia sp934636665
cleaned_SRR30598648_bin.21.permissive_filtered_kept_contigs.fa	0
cleaned_SRR30598648_bin.28.orig_filtered_kept_contigs.fa	d__Bacteria;p__Bacillota;c__Clostridia;o__Oscillospirales;f__Acutalibacteraceae;g__Ruminococcoides;s__Ruminococcoides sp905215855
cleaned_SRR30598648_bin.30.orig_filtered_kept_contigs.fa	d__Bacteria;p__Bacillota;c__Clostridia;o__Oscillospirales;f__Oscillospiraceae;g__CAG-170;s__CAG-170 sp002404795
cleaned_SRR30598648_bin.31.orig_filtered_kept_contigs.fa	d__Bacteria;p__Bacteroidota;c__Bacteroidia;o__Bacteroidales;f__UBA932;g__Egerieousia;s__
cleaned_SRR30598648_bin.33.strict_filtered_kept_contigs.fa	d__Bacteria;p__Spirochaetota;c__Spirochaetia;o__Treponematales;f__Treponemataceae;g__Treponema_D;s__Treponema_D sp900541945
cleaned_SRR30598648_bin.42.orig_filtered_kept_contigs.fa	d__Bacteria;p__Bacteroidota;c__Bacteroidia;o__Bacteroidales;f__Tannerellaceae;g__Parabacteroides;s__Parabacteroides massiliensis
cleaned_SRR30598648_bin.45.strict_filtered_kept_contigs.fa	d__Bacteria;p__Bacteroidota;c__Bacteroidia;o__Bacteroidales;f__UBA932;g__Cryptobacteroides;s__Cryptobacteroides sp000433355
cleaned_SRR30598650_bin.18.orig_filtered_kept_contigs.fa	d__Bacteria;p__Bacillota;c__Clostridia;o__Oscillospirales;f__Acutalibacteraceae;g__CAG-177;s__CAG-177 sp963592475
cleaned_SRR30598650_bin.27.orig_filtered_kept_contigs.fa	d__Bacteria;p__Actinomycetota;c__Actinomycetes;o__Actinomycetales;f__Bifidobacteriaceae;g__Bifidobacterium;s__Bifidobacterium longum
cleaned_SRR30598650_bin.41.strict_filtered_kept_contigs.fa	d__Bacteria;p__Bacillota;c__Clostridia;o__Oscillospirales;f__Ruminococcaceae;g__Faecalibacterium;s__Faecalibacterium sp934548045
cleaned_SRR30598650_bin.8.orig_filtered_kept_contigs.fa	d__Bacteria;p__Bacteroidota;c__Bacteroidia;o__Bacteroidales;f__Tannerellaceae;g__Parabacteroides;s__Parabacteroides distasonis
cleaned_SRR30598651_bin.16.strict_filtered_kept_contigs.fa	d__Bacteria;p__Bacteroidota;c__Bacteroidia;o__Bacteroidales;f__Bacteroidaceae;g__Prevotella;s__Prevotella sp000434975
cleaned_SRR30598651_bin.19.orig_filtered_kept_contigs.fa	d__Bacteria;p__Bacillota;c__Bacilli;o__Lactobacillales;f__Streptococcaceae;g__Streptococcus;s__Streptococcus oralis_BC
cleaned_SRR30598651_bin.1.strict_filtered_kept_contigs.fa	d__Bacteria;p__Bacillota;c__Clostridia;o__Christensenellales;f__Aristaeellaceae;g__Ventricola;s__Ventricola sp900542445
cleaned_SRR30598651_bin.6.permissive_filtered_kept_contigs.fa	d__Bacteria;p__Actinomycetota;c__Coriobacteriia;o__Coriobacteriales;f__Coriobacteriaceae;g__Collinsella;s__
cleaned_SRR30598651_bin.8.orig_filtered_kept_contigs.fa	d__Bacteria;p__Bacillota;c__Clostridia;o__Lachnospirales;f__Lachnospiraceae;g__Oliverpabstia;s__Oliverpabstia faecicola
cleaned_SRR30598652_bin.5.orig_filtered_kept_contigs.fa	d__Bacteria;p__Bacillota;c__Clostridia;o__Oscillospirales;f__Acutalibacteraceae;g__Fimenecus;s__Fimenecus sp000432435
cleaned_SRR30598653_bin.11.orig_filtered_kept_contigs.fa	d__Bacteria;p__Bacillota;c__Clostridia;o__Lachnospirales;f__Lachnospiraceae;g__Pilosibacter;s__Pilosibacter sp900066785
cleaned_SRR30598653_bin.17.orig_filtered_kept_contigs.fa	d__Bacteria;p__Bacillota;c__Negativicutes;o__Acidaminococcales;f__Acidaminococcaceae;g__Phascolarctobacterium;s__Phascolarctobacterium faecium
cleaned_SRR30598653_bin.19.orig_filtered_kept_contigs.fa	d__Bacteria;p__Bacteroidota;c__Bacteroidia;o__Bacteroidales;f__Bacteroidaceae;g__Prevotella;s__Prevotella sp934191715
cleaned_SRR30598653_bin.34.strict_filtered_kept_contigs.fa	d__Bacteria;p__Pseudomonadota;c__Gammaproteobacteria;o__Burkholderiales;f__Burkholderiaceae;g__Sutterella;s__Sutterella parvirubra
cleaned_SRR30598653_bin.35.orig_filtered_kept_contigs.fa	d__Bacteria;p__Bacillota;c__Clostridia;o__Lachnospirales;f__Lachnospiraceae;g__Blautia_A;s__Blautia_A wexlerae
cleaned_SRR30598653_bin.38.strict_filtered_kept_contigs.fa	d__Bacteria;p__Campylobacterota;c__Campylobacteria;o__Campylobacterales;f__Campylobacteraceae;g__Campylobacter_D;s__Campylobacter_D jejuni
cleaned_SRR30598653_bin.3.orig_filtered_kept_contigs.fa	d__Bacteria;p__Actinomycetota;c__Coriobacteriia;o__Coriobacteriales;f__Coriobacteriaceae;g__Collinsella;s__
cleaned_SRR30598653_bin.41.orig_filtered_kept_contigs.fa	d__Bacteria;p__Bacillota;c__Negativicutes;o__Veillonellales;f__Dialisteraceae;g__Dialister;s__Dialister sp022722495
cleaned_SRR30598653_bin.43.orig_filtered_kept_contigs.fa	d__Bacteria;p__Bacillota;c__Clostridia;o__Lachnospirales;f__Lachnospiraceae;g__Roseburia;s__Roseburia intestinalis
cleaned_SRR30598653_bin.4.orig_filtered_kept_contigs.fa	d__Bacteria;p__Pseudomonadota;c__Alphaproteobacteria;o__RF32;f__CAG-239;g__51-20;s__51-20 sp001917175
cleaned_SRR30598653_bin.51.orig_filtered_kept_contigs.fa	d__Bacteria;p__Bacillota;c__Clostridia;o__Oscillospirales;f__Oscillospiraceae;g__Lawsonibacter;s__Lawsonibacter faecis_A
cleaned_SRR30598653_bin.53.strict_filtered_kept_contigs.fa	d__Bacteria;p__Bacillota;c__Bacilli;o__Erysipelotrichales;f__Coprobacillaceae;g__Thomasclavelia;s__Thomasclavelia ramosa
cleaned_SRR30598654_bin.11.orig_filtered_kept_contigs.fa	d__Bacteria;p__Pseudomonadota;c__Alphaproteobacteria;o__RF32;f__CAG-239;g__RUG410;s__RUG410 sp934271715
cleaned_SRR30598654_bin.16.orig_filtered_kept_contigs.fa	d__Bacteria;p__Bacillota;c__Clostridia;o__Lachnospirales;f__Lachnospiraceae;g__Coprococcus;s__Coprococcus sp900548315
cleaned_SRR30598654_bin.19.strict_filtered_kept_contigs.fa	d__Bacteria;p__Bacillota;c__Bacilli;o__Erysipelotrichales;f__Erysipelotrichaceae;g__Holdemanella;s__Holdemanella biformis
cleaned_SRR30598654_bin.21.orig_filtered_kept_contigs.fa	d__Bacteria;p__Bacillota;c__Bacilli;o__Erysipelotrichales;f__Coprobacillaceae;g__Catenibacterium;s__Catenibacterium mitsuokai_A
cleaned_SRR30598654_bin.24.orig_filtered_kept_contigs.fa	d__Bacteria;p__Bacteroidota;c__Bacteroidia;o__Bacteroidales;f__Rikenellaceae;g__Alistipes;s__Alistipes finegoldii
cleaned_SRR30598654_bin.25.orig_filtered_kept_contigs.fa	d__Bacteria;p__Bacillota;c__Clostridia;o__Oscillospirales;f__Ruminococcaceae;g__Ruminococcus_C;s__Ruminococcus_C callidus
cleaned_SRR30598654_bin.34.orig_filtered_kept_contigs.fa	d__Bacteria;p__Bacteroidota;c__Bacteroidia;o__Bacteroidales;f__Bacteroidaceae;g__Prevotella;s__Prevotella stercorea
cleaned_SRR30598654_bin.35.orig_filtered_kept_contigs.fa	d__Bacteria;p__Bacillota;c__Clostridia;o__Oscillospirales;f__Acutalibacteraceae;g__Ruminococcoides;s__Ruminococcoides intestinalis
cleaned_SRR30598654_bin.51.strict_filtered_kept_contigs.fa	d__Bacteria;p__Elusimicrobiota;c__Elusimicrobia;o__Elusimicrobiales;f__Elusimicrobiaceae;g__Avelusimicrobium;s__Avelusimicrobium sp900541355
cleaned_SRR30598654_bin.9.strict_filtered_kept_contigs.fa	d__Bacteria;p__Bacillota;c__Clostridia;o__Oscillospirales;f__Acutalibacteraceae;g__UBA737;s__UBA737 sp900549055
cleaned_SRR30598655_clean_bin.7.orig_filtered_kept_contigs.fa	d__Bacteria;p__Bacillota;c__Clostridia;o__Oscillospirales;f__Ruminococcaceae;g__Faecalibacterium;s__Faecalibacterium longum
cleaned_SRR30598656_bin.14.orig_filtered_kept_contigs.fa	d__Bacteria;p__Bacillota;c__Clostridia;o__Oscillospirales;f__Oscillospiraceae;g__Vescimonas;s__Vescimonas coprocola
cleaned_SRR30598656_bin.25.strict_filtered_kept_contigs.fa	d__Bacteria;p__Bacillota;c__Clostridia;o__Lachnospirales;f__Lachnospiraceae;g__Scatomonas;s__Scatomonas hejianensis
cleaned_SRR30598656_bin.27.strict_filtered_kept_contigs.fa	d__Bacteria;p__Bacillota;c__Bacilli;o__Lactobacillales;f__Enterococcaceae;g__Enterococcus_B;s__Enterococcus_B hirae
cleaned_SRR30598656_bin.28.permissive_filtered_kept_contigs.fa	d__Bacteria;p__Bacillota;c__Clostridia;o__Oscillospirales;f__Ruminococcaceae;g__Pseudoruminococcus_B;s__
cleaned_SRR30598656_bin.30.orig_filtered_kept_contigs.fa	d__Bacteria;p__Bacillota;c__Clostridia;o__Lachnospirales;f__Lachnospiraceae;g__Blautia_A;s__Blautia_A sp005848555
cleaned_SRR30598656_bin.32.orig_filtered_kept_contigs.fa	d__Bacteria;p__Bacillota;c__Bacilli;o__Lactobacillales;f__Lactobacillaceae;g__Limosilactobacillus;s__Limosilactobacillus oris
cleaned_SRR30598656_bin.33.orig_filtered_kept_contigs.fa	d__Bacteria;p__Bacillota;c__Clostridia;o__Oscillospirales;f__Butyricicoccaceae;g__Agathobaculum;s__Agathobaculum intestinigallinarum
cleaned_SRR30598656_bin.40.strict_filtered_kept_contigs.fa	d__Bacteria;p__Bacillota;c__Clostridia;o__Lachnospirales;f__Lachnospiraceae;g__Blautia;s__Blautia coccoides
cleaned_SRR30598656_bin.41.permissive_filtered_kept_contigs.fa	d__Bacteria;p__Bacillota;c__Clostridia;o__Peptostreptococcales;f__Anaerovoracaceae;g__Lentihominibacter;s__Lentihominibacter butyricus
cleaned_SRR30598656_bin.43.permissive_filtered_kept_contigs.fa	d__Bacteria;p__Actinomycetota;c__Actinomycetes;o__Actinomycetales;f__Bifidobacteriaceae;g__Bifidobacterium;s__Bifidobacterium hominis
cleaned_SRR30598656_bin.45.orig_filtered_kept_contigs.fa	d__Bacteria;p__Actinomycetota;c__Coriobacteriia;o__Coriobacteriales;f__Eggerthellaceae;g__Anaerotardibacter;s__Anaerotardibacter sp958409415
cleaned_SRR30598656_bin.4.strict_filtered_kept_contigs.fa	d__Bacteria;p__Actinomycetota;c__Coriobacteriia;o__Coriobacteriales;f__Coriobacteriaceae;g__Collinsella;s__
cleaned_SRR30598656_bin.5.orig_filtered_kept_contigs.fa	d__Bacteria;p__Bacillota;c__Clostridia;o__Christensenellales;f__Aristaeellaceae;g__Faecaligallichristensenella;s__Faecaligallichristensenella faecipullorum